Model_1;Model_2;AUC_1;AUC_2;Z_stat;P_value;Significant;N_common
GLCM_ROI_fixo;Posterior;0.5243924392439244;0.7668766876687668;-4.21744380536696;2.47087369065202e-05;***;156
GLCM_ROI_fixo;Fusionado;0.5234545454545454;0.7772727272727272;-4.908705536174042;9.167951242616823e-07;***;155
Posterior;Fusionado;0.7654545454545455;0.7772727272727272;-0.4473310739897858;0.6546360339689203;ns;155
