Model;N_Features;N_Samples;Strategy;AUC_Mean;AUC_Std;AUC_CI_Low;AUC_CI_High;N_Folds;AUC_Apparent;AUC_Boot;AUC_632;AUC_632plus
GLCM_ROI_fixo;4;156;Repeated_5x2_CV;0.513225697686482;0.04376844483907976;0.4416740455441436;0.5815535714285714;10;;;;
GLCM_ROI_fixo;4;156;Nested_5x5_CV;0.5271428571428571;0.08405356940628754;0.4394805194805194;0.6618181818181819;5;;;;
GLCM_ROI_fixo;4;156;Bootstrap_632plus;0.5152716318722794;0.07455488690154415;0.3697877506265664;0.6503711023276242;200;0.6043204320432043;0.5102012331757213;0.544837098358955;0.5152716318722794
Posterior;2;207;Repeated_5x2_CV;0.8367428815316138;0.02830622721330268;0.7991188799463447;0.8739123376623377;10;;;;
Posterior;2;207;Nested_5x5_CV;0.8218399826774212;0.03220822461739151;0.7655808477237048;0.8434918529746116;5;;;;
Posterior;2;207;Bootstrap_632plus;0.8277934410105732;0.038560232276017264;0.7545524096901215;0.9013554894179895;200;0.82618740597464;0.8287286006517495;0.8277934410105732;0.8277934410105732
Fusionado;13;155;Repeated_5x2_CV;0.800121693121693;0.024397350360798015;0.7731342592592592;0.8452678571428571;10;;;;
Fusionado;13;155;Nested_5x5_CV;0.7836363636363637;0.06464141394411337;0.7172727272727273;0.8922727272727272;5;;;;
Fusionado;13;155;Bootstrap_632plus;0.7926992005801098;0.055239955456506555;0.6584003863159711;0.8628825259170654;200;0.8361818181818181;0.7721989730487447;0.7957446600577158;0.7926992005801098
